<?xml version="1.0" encoding="UTF-8"?>
<classpath>
	<classpathentry kind="con" path="org.eclipse.jdt.launching.JRE_CONTAINER"/>
	<classpathentry kind="src" path="src"/>
	<classpathentry kind="src" path="test"/>
	<classpathentry kind="lib" path="lib/ant-junit.jar"/>
	<classpathentry kind="lib" path="lib/commons-logging-1.1.3.jar"/>
	<classpathentry kind="lib" path="lib/dbunit-2.5.3.jar"/>
	<classpathentry kind="lib" path="lib/derby.jar"/>
	<classpathentry kind="lib" path="lib/fluent-hc-4.3.5.jar"/>
	<classpathentry kind="lib" path="lib/httpclient-4.3.5.jar"/>
	<classpathentry kind="lib" path="lib/httpcore-4.3.2.jar"/>
	<classpathentry kind="lib" path="lib/java-hamcrest-2.0.0.0.jar"/>
	<classpathentry kind="lib" path="lib/junit-4.12.jar"/>
	<classpathentry kind="lib" path="lib/mysql-connector-java-5.1.22-bin.jar"/>
	<classpathentry kind="lib" path="lib/slf4j-api-1.7.7.jar"/>
	<classpathentry kind="lib" path="lib/slf4j-simple-1.7.7.jar"/>
	<classpathentry kind="output" path="bin"/>
</classpath>
